number,standard,question_level,query,gold_response,pred_response,llm_score,answer_relevance_score,context_relevance_score,faithfulness_score,unsupported_claims,label,output_feedback
1,49 CFR Part 192,"Easy (Quick checks, usually 1 sentence questions)",When is overpressure protection required on a distribution line?,"Overpressure protection is required on a distribution line **whenever the line could be exposed to pressures that exceed its maximum allowable operating pressure (MAOP)** as a result of failures in pressure control equipment or upstream pressure sources.

In distribution systems supplied from a **higher-pressure source**, the code requires pressure regulation and protective devices that are capable of preventing **accidental overpressuring** of the downstream system. This applies broadly to distribution lines where a regulator failure, improper operation, or other abnormal condition could allow pressure to rise above safe limits.

For **high-pressure distribution systems**, additional constraints apply. A segment may not be operated above the lowest applicable pressure limit, which includes the MAOP and, in systems operating above 60 psig, whether service lines are equipped with compliant pressure limiting devices in series. Where those limits apply, overpressure protective devices must be installed and set so that MAOP is not exceeded.

For **low-pressure distribution systems**, the requirement is framed in terms of safety at the customer level: the system must be protected so pressure does not reach a level that would cause unsafe operation of properly adjusted gas utilization equipment.

In practice, this means overpressure protection is required anytime a distribution line is connected to a pressure source that could exceed the line’s MAOP or create unsafe downstream conditions without protective devices in place.

**Citations:**
49 CFR Part 192, effective as of 12-10-2025, §192.195(a)–(b), *Protection against accidental overpressuring*, PDF p. 68

49 CFR Part 192, effective as of 12-10-2025, §192.197(a)–(c), *Control of the pressure of gas delivered from high-pressure distribution systems*, PDF pp. 68–69

49 CFR Part 192, effective as of 12-10-2025, §192.621(a)(2), *Maximum allowable operating pressure: High-pressure distribution systems*, PDF p. 139","Overpressure protection is required where the pressure on a distribution line could exceed the line’s MAOP or the pressure limits for connected lower-pressure facilities; a district regulator station must be equipped to prevent accidental overpressuring of the downstream distribution system. Key conditions are in 49 CFR 192.195 (protective devices) and 192.197 (control of pressure), with district regulator station requirements in 192.199: if a single regulator failure could expose the downstream system to pressure above allowable limits, the station must provide suitable overpressure protective devices, and monitor regulators in series are required where needed to ensure the downstream pressure will not exceed safe limits.",0.7,1.0,1.0,0.7142857142857143,District regulator station requirements are specified in 49 CFR 192.199. | Monitoring of regulators in series is required to ensure the downstream pressure does not exceed safe limits.,Bad,"Correctness: The predicted answer correctly identifies the necessity for overpressure protection when pressures could exceed MAOP, and it mentions the importance of preventing accidental overpressuring of downstream systems. However, it lacks some specific details included in the gold answer regarding the context and conditions under which overpressure protection is required, especially for high and low-pressure distribution systems. It also does not explicitly cover the safety implications for customer gas- | Answer relevance: The answer directly addresses the question about when overpressure protection is required on a distribution line by explaining the conditions and regulations that necessitate such protection, citing specific sections of the relevant code. | Context relevance: The context provides comprehensive information on when overpressure protection is required on a distribution line, detailing conditions related to maximum allowable operating pressure (MAOP) and the safety measures necessary for both high-pressure and low-pressure distribution systems. | Faithfulness: Supported 5/7 claims; unsupported: 2; not enough info: 0. | Unsupported claims: District regulator station requirements are specified in 49 CFR 192.199. | Monitoring of regulators in series is required to ensure the downstream pressure does not exceed safe limits."
2,49 CFR Part 192,"Easy (Quick checks, usually 1 sentence questions)",Do residential service lines need excess flow valves?,"Yes—**in most cases, residential service lines do need excess flow valves (EFVs)**, but the requirement depends on the type of service and whether any listed exceptions apply.

For **new or replaced service lines** serving a **single-family residence**, an EFV must be installed before the line is placed into service. The same requirement applies to certain **branched service line configurations** serving a single-family residence, including a branched line installed at the same time as the primary service or a branch added later where the original service did not have an EFV.

There are, however, **specific exceptions**. An operator is not required to install an EFV if the service line does not operate at **10 psig or greater throughout the year**, if the operator has prior experience with **contaminants** that could cause the EFV to malfunction, if an EFV would **interfere with necessary operation or maintenance activities** (such as blowing liquids from the line), or if a compliant EFV is **not commercially available**.

So in practice, for a typical new or replaced residential service operating at 10 psig or higher year-round, an EFV is expected unless one of the explicit exceptions can be justified and documented.

**Citations (49 CFR Part 192, effective as of 12-10-2025):**

* §192.383(b)(1)–(3), *Excess flow valve installation—Installation required*,, PDF pp. 92–93 
* §192.383(c)(1)–(4), *Exceptions to excess flow valve installation requirement*, PDF p. 93","Yes—except where an exception applies, each new or replaced service line serving a single-family residence must have an excess flow valve (EFV) installed. The requirement also applies to branched service lines serving a single-family residence and to multi-family residential service lines with a known customer load not exceeding 1,000 SCFH per service, unless one of the listed exceptions applies in 49 CFR 192.383(a).

Key exceptions/conditions: an EFV is not required if the service line cannot operate safely at available pressures, the operator has prior experience showing contaminants could interfere with EFV performance, an EFV could interfere with necessary operation or maintenance, or the operator determines no commercially available EFV meets the service-line performance needs; see 49 CFR 192.383(a). Existing residential service lines are not retroactively required to have EFVs solely because they are residential.",0.7,1.0,1.0,0.625,"Multi-family residential service lines with a known customer load not exceeding 1,000 SCFH per service must have an EFV installed, unless certain exceptions apply. | An EFV is not required if the service line cannot operate safely at available pressures. | Existing residential service lines are not retroactively required to have EFVs solely because they are residential.",Bad,"Correctness: The predicted answer accurately states that new or replaced residential service lines need EFVs unless exceptions apply. It also mentions branched lines, which is correct. However, it lacks some detail about the specific requirements and exceptions like the operating pressure criteria and doesn't clarify the scope of the regulation as well as the gold answer. It also introduces a multi-family residential service line condition not mentioned in the gold answer, which could lead to confusion. Thus | Answer relevance: The answer directly addresses the question by confirming the need for excess flow valves in residential service lines, detailing both the requirement and the exceptions clearly. It provides comprehensive and relevant information. | Context relevance: The context provides a comprehensive explanation about the requirement for excess flow valves in residential service lines, detailing conditions under which they are necessary, specific exceptions, and applicable regulations. This directly answers the question. | Faithfulness: Supported 5/8 claims; unsupported: 3; not enough info: 0. | Unsupported claims: Multi-family residential service lines with a known customer load not exceeding 1,000 SCFH per service must have an EFV installed, unless certain exceptions apply. | An EFV is not required if the service line cannot operate safely at available pressures. | Existing residential service lines are not retroactively required to have EFVs solely because they are residential."
3,49 CFR Part 192,"Easy (Quick checks, usually 1 sentence questions)",What’s the maximum operating pressure allowed for plastic pipe?,"The maximum operating pressure for plastic pipe is **not a single fixed value**; it is determined by how the pipe is **designed and qualified under the code**, with clear upper limits depending on the application and material.

For **plastic pipe used in distribution systems**, the general rule is that the **design pressure may not exceed 100 psig**, unless the pipe meets specific criteria that allow a higher design pressure. This 100-psig limit is the default maximum most engineers should assume for plastic distribution mains and services.

There is a limited allowance for **polyethylene (PE) pipe** to be designed for pressures **up to 125 psig**, but only when all of the conditions in the regulation are met. These conditions include requirements related to the pipe’s **material designation, manufacturing date, nominal pipe size, wall thickness, temperature limits, and applicable design factor**. If any of those conditions are not met, the 100-psig limit applies.

Regardless of the allowable design pressure, the **actual maximum allowable operating pressure (MAOP)** must still be established in accordance with the design requirements for plastic pipe, and the pipeline may not be operated above that calculated MAOP.

**Citations:**
49 CFR Part 192, effective as of 12-10-2025, §192.121(b)(1), *Design of plastic pipe*, PDF p. 48

49 CFR Part 192, effective as of 12-10-2025, §192.121(c)(1)–(2), *Design of plastic pipe—Polyethylene (PE) pipe*, PDF p. 48","Plastic pipe may not be operated at a pressure that exceeds the lowest limiting value under 49 CFR 192.121. For thermoplastic pipe, that means no more than the pressure determined from the HDB/HDS design formula in § 192.121, and in no case more than 100 psig for plastic pipe used in a service line under § 192.123(b); if the pipe is not listed/spec-qualified for gas service, it cannot be used under Part 192.",0.7,1.0,1.0,0.5,"For thermoplastic pipe, the pressure must be determined from the HDB/HDS design formula in § 192.121. | Plastic pipe used in a service line cannot exceed 100 psig according to § 192.123(b).",Bad,"Correctness: The predicted answer correctly highlights the limits under 49 CFR 192.121, including the reference to the HDB/HDS design formula and the 100 psig limit for service lines. However, it lacks coverage of the conditions under which a higher pressure (up to 125 psig for PE pipe) may apply and does not detail that the maximum allowable operating pressure (MAOP) must be calculated according to design requirements. These omissions prevent it from being fully complete. | Answer relevance: The answer directly addresses the question by specifying the maximum operating pressure for plastic pipe, referencing relevant regulations and specific values. It thoroughly explains the conditions under which these limits apply. | Context relevance: The context provides detailed information about the maximum operating pressure for plastic pipe, specifying the general limit of 100 psig and the conditions under which polyethylene pipe can operate at up to 125 psig. It addresses the core of the question effectively. | Faithfulness: Supported 2/4 claims; unsupported: 2; not enough info: 0. | Unsupported claims: For thermoplastic pipe, the pressure must be determined from the HDB/HDS design formula in § 192.121. | Plastic pipe used in a service line cannot exceed 100 psig according to § 192.123(b)."
4,49 CFR Part 192,"Easy (Quick checks, usually 1 sentence questions)",Is pressure testing required for all new distribution pipelines?”,"Yes — **new distribution pipelines must be pressure tested or leak tested before being placed into service**, but the **type and level of testing depends on the pipeline and how it will be operated**.

At a baseline, a **new segment of pipeline may not be operated** until it has been tested in accordance with **Subpart J** to substantiate the MAOP, and until **all potentially hazardous leaks have been found and eliminated**. This applies to new construction as well as pipeline segments that are relocated or replaced before being returned to service.

How that requirement is met varies:

* **Distribution pipelines intended to operate below 100 psig** are subject to leak testing requirements rather than full-strength pressure testing.
* **Service lines** have their own specific leak-testing requirements prior to being placed into service.
* **Plastic pipelines** must be tested in accordance with the plastic pipeline testing requirements, including a minimum test pressure tied to a percentage of the intended operating pressure (or a stated minimum pressure), with additional temperature-related limitations.

So while every new distribution pipeline must be tested in some form, the code does **not** require the same test method or pressure for all pipelines — it scales the reminder based on material type and operating pressure.

**Citations:**
49 CFR Part 192, effective as of 12-10-2025, §192.503(a)(1)–(2), *General requirements*, PDF p. 106

49 CFR Part 192, effective as of 12-10-2025, §192.509, *Test requirements for pipelines to operate below 100 psig*, PDF p. 109

49 CFR Part 192, effective as of 12-10-2025, §192.511, *Test requirements for service lines*, PDF p. 109

49 CFR Part 192, effective as of 12-10-2025, §192.513(a)–(c), *Test requirements for plastic pipelines*, PDF pp. 109–110","No. Under 49 CFR Part 192, each **new gas pipeline** must be **pressure tested** in accordance with Subpart J, but **new plastic pipelines** may instead be tested under the **leak test** provisions in **§ 192.513** rather than the hydrostatic/pneumatic strength test rules in **§§ 192.505–192.511**. In other words, new **steel/metal distribution lines** require a pressure test under Subpart J, while **plastic distribution lines** are subject to the specific test requirements and pressure/hold-time criteria in **§ 192.513**.",0.7,1.0,1.0,0.75,New steel/metal distribution lines require a pressure test under Subpart J.,Bad,"Correctness: The predicted answer provides a largely correct overview of the testing requirements for new distribution pipelines, noting that pressure testing is required and referencing the distinctions for plastic pipelines. However, it omits important details such as the necessity of testing all new distribution pipelines or equivalent testing for segments that are relocated/replaced, as outlined in the gold answer. Additionally, the specific implications for operating pressures and types of testing based | Answer relevance: The answer directly addresses the question by explaining the requirements for pressure testing new distribution pipelines, specifically distinguishing between steel/metal and plastic pipelines according to regulatory guidelines. | Context relevance: The context directly addresses the question by confirming that pressure testing is required for all new distribution pipelines, while also explaining the different testing methods depending on the type of pipeline and its operation. This provides comprehensive detail necessary to answer the question. | Faithfulness: Supported 3/4 claims; unsupported: 1; not enough info: 0. | Unsupported claims: New steel/metal distribution lines require a pressure test under Subpart J."
5,49 CFR Part 192,"Medium (Single sentence, more nuance or scope)","For a distribution system operating above 60 psig, what kind of overpressure protection is required?","For a **distribution system operating above 60 psig**, the code requires **pressure regulation and overpressure protection that prevents customer delivery pressure from exceeding safe limits if pressure control fails**. Operating above 60 psig is only allowed when the downstream system is protected by **pressure limiting devices arranged in series** that meet specific regulatory criteria.

In practice, this means the system must be designed so that a **single failure of a regulator cannot result in unsafe overpressuring** of service lines or customer piping. Acceptable protection methods include combinations of service regulators, monitor regulators, relief devices, or automatic shutoff devices, provided they are configured and set in accordance with the regulation.

Specifically, when a distribution segment is designed to operate above 60 psig:

* The system **may not exceed 60 psig** unless the **service lines are equipped with service regulators or other pressure limiting devices in series** that comply with the overpressure protection requirements.
* Those pressure limiting devices must be capable of controlling or shutting off gas flow if downstream pressure rises above acceptable limits.
* The protection scheme must be designed so that **failure of any single component** will not allow pressure to exceed the maximum allowable operating pressure or create unsafe conditions at the customer.

From a design standpoint, this typically drives the use of **monitor regulator configurations or regulator-plus-shutoff arrangements** rather than relying on a single regulator or internal relief alone.

**Citations:**
49 CFR Part 192, effective as of 12-10-2025, §192.197(a)–(c), *Control of the pressure of gas delivered from high-pressure distribution systems*, PDF pp. 68–69

49 CFR Part 192, effective as of 12-10-2025, §192.621(a)(2), *Maximum allowable operating pressure: High-pressure distribution systems*, PDF p. 139","A distribution system operating above 60 psig must have overpressure protective devices that meet the distribution system requirements in 49 CFR 192.201 and the regulator station protection requirements in 49 CFR 192.195. In practice, the protection must prevent the downstream pressure from exceeding the MAOP of the distribution system and, where a single regulator failure could expose the system to unsafe pressure, protection must be provided by a relief valve, monitor regulator, automatic shutoff device, or another approved method; if no worker is present to monitor and promptly correct malfunctions, the protection must operate automatically.

Key thresholds/conditions:
- Above 60 psig is the trigger for the higher-pressure distribution overpressure concern; the downstream system cannot be left dependent on a single regulator without adequate overpressure protection.
- The protective arrangement must be sized/set so the protected system does not exceed its MAOP, and the specific device configuration depends on the inlet pressure, regulator failure scenario, and whether relief gas can be safely handled.",0.7,1.0,1.0,0.6666666666666666,"These devices must meet the requirements in 49 CFR 192.201 and 49 CFR 192.195. | If no worker is present to monitor malfunctions, the protection must operate automatically. | The specific device configuration depends on the inlet pressure, regulator failure scenario, and whether relief gas can be safely handled.",Bad,"Correctness: The predicted answer accurately identifies the need for overpressure protection devices in a distribution system operating above 60 psig, referencing relevant regulations (49 CFR 192.201 and 49 CFR 192.195). It explains that protection must prevent downstream pressure from exceeding MAOP and acknowledges the risk of single regulator failure. However, it lacks specific details on the series arrangement of pressure limiting devices, which is a critical aspect mentioned in the gold answer. While it | Answer relevance: The answer directly addresses the requirements for overpressure protection in a distribution system operating above 60 psig, citing relevant regulations and detailing the necessary safety measures. | Context relevance: The context provides comprehensive details about the overpressure protection requirements for distribution systems operating above 60 psig, including the necessity of pressure limiting devices, specific regulations, and design considerations. It directly addresses the question, ensuring all key aspects are covered. | Faithfulness: Supported 6/9 claims; unsupported: 3; not enough info: 0. | Unsupported claims: These devices must meet the requirements in 49 CFR 192.201 and 49 CFR 192.195. | If no worker is present to monitor malfunctions, the protection must operate automatically. | The specific device configuration depends on the inlet pressure, regulator failure scenario, and whether relief gas can be safely handled."
