number,standard,question_level,query,gold_response,pred_response,similarity_score,llm_score,llm_rationale,answer_relevance_score,answer_relevance_rationale,context_relevance_score,context_relevance_rationale,faithfulness_score,faithfulness_rationale,claim_count,supported_claims_count,unsupported_claims_count,not_enough_info_claims_count,unsupported_claims,error
1,49 CFR Part 192,"Easy (Quick checks, usually 1 sentence questions)",When is overpressure protection required on a distribution line?,"Overpressure protection is required on a distribution line **whenever the line could be exposed to pressures that exceed its maximum allowable operating pressure (MAOP)** as a result of failures in pressure control equipment or upstream pressure sources.

In distribution systems supplied from a **higher-pressure source**, the code requires pressure regulation and protective devices that are capable of preventing **accidental overpressuring** of the downstream system. This applies broadly to distribution lines where a regulator failure, improper operation, or other abnormal condition could allow pressure to rise above safe limits.

For **high-pressure distribution systems**, additional constraints apply. A segment may not be operated above the lowest applicable pressure limit, which includes the MAOP and, in systems operating above 60 psig, whether service lines are equipped with compliant pressure limiting devices in series. Where those limits apply, overpressure protective devices must be installed and set so that MAOP is not exceeded.

For **low-pressure distribution systems**, the requirement is framed in terms of safety at the customer level: the system must be protected so pressure does not reach a level that would cause unsafe operation of properly adjusted gas utilization equipment.

In practice, this means overpressure protection is required anytime a distribution line is connected to a pressure source that could exceed the line’s MAOP or create unsafe downstream conditions without protective devices in place.

**Citations:**
49 CFR Part 192, effective as of 12-10-2025, §192.195(a)–(b), *Protection against accidental overpressuring*, PDF p. 68

49 CFR Part 192, effective as of 12-10-2025, §192.197(a)–(c), *Control of the pressure of gas delivered from high-pressure distribution systems*, PDF pp. 68–69

49 CFR Part 192, effective as of 12-10-2025, §192.621(a)(2), *Maximum allowable operating pressure: High-pressure distribution systems*, PDF p. 139","Overpressure protection is required whenever a distribution line could be subjected to pressure above the maximum allowed by Part 192; specifically, each distribution system supplied from a source of gas that can exceed the system’s MAOP must have suitable pressure-limiting or pressure-regulating devices, plus protective devices where needed, to ensure the MAOP is not exceeded. Key conditions are in 49 CFR 192.195 (protection against accidental overpressuring), 192.197 (control of pressure), and 192.201 (required capacity of pressure-relieving and limiting stations): the protection must be sized and arranged for the possible failure scenario, and if a single regulator failure could overpressure the downstream distribution line, additional overpressure protection is required.",0.8722623103018227,0.7,"The predicted answer captures most of the critical elements regarding when overpressure protection is required on distribution lines and refers to relevant sections of the CFR. However, it lacks the comprehensive detail present in the gold answer, such as the distinction between high-pressure and low-pressure systems, the specific mention of unsafe conditions for gas utilization equipment, and some additional nuances regarding regulatory compliance that emphasize safety considerations.",1.0,"The answer directly addresses the question by providing specific regulatory references and explaining the conditions under which overpressure protection is required on a distribution line. It covers all necessary details, making it comprehensive.",1.0,"The context provides comprehensive details on when overpressure protection is required on distribution lines, including specific conditions and regulatory references. It directly addresses the question with clear explanations and relevant regulations.",0.8333333333333334,Supported 5/6 claims; unsupported: 0; not enough info: 1.,6,5,0,1,,no_proc_error
2,49 CFR Part 192,"Easy (Quick checks, usually 1 sentence questions)",Do residential service lines need excess flow valves?,"Yes—**in most cases, residential service lines do need excess flow valves (EFVs)**, but the requirement depends on the type of service and whether any listed exceptions apply.

For **new or replaced service lines** serving a **single-family residence**, an EFV must be installed before the line is placed into service. The same requirement applies to certain **branched service line configurations** serving a single-family residence, including a branched line installed at the same time as the primary service or a branch added later where the original service did not have an EFV.

There are, however, **specific exceptions**. An operator is not required to install an EFV if the service line does not operate at **10 psig or greater throughout the year**, if the operator has prior experience with **contaminants** that could cause the EFV to malfunction, if an EFV would **interfere with necessary operation or maintenance activities** (such as blowing liquids from the line), or if a compliant EFV is **not commercially available**.

So in practice, for a typical new or replaced residential service operating at 10 psig or higher year-round, an EFV is expected unless one of the explicit exceptions can be justified and documented.

**Citations (49 CFR Part 192, effective as of 12-10-2025):**

* §192.383(b)(1)–(3), *Excess flow valve installation—Installation required*,, PDF pp. 92–93 
* §192.383(c)(1)–(4), *Exceptions to excess flow valve installation requirement*, PDF p. 93","Yes—if the service line is a **new or replaced service line** that serves a **single-family residence**, an **excess flow valve (EFV)** must be installed. The same requirement also applies to a new or replaced service line serving a **branched single-family residence**, a **multifamily residence with known customer load not exceeding 1,000 SCFH per service**, or a **small commercial customer with known customer load not exceeding 1,000 SCFH per service**. See **49 CFR 192.383(a)**.

Key exceptions/conditions: an EFV is **not required** if the operator documents that an EFV **would interfere with necessary operation or maintenance**, or that **no commercially available EFV** is compatible with the service line’s operating conditions (**49 CFR 192.383(c)**). Operators also must notify customers about EFVs under **49 CFR 192.383(e)**.",0.863082818750979,0.7,"The predicted answer correctly identifies that excess flow valves (EFVs) are required for new or replaced residential service lines and mentions specific scenarios where they apply. However, it misses detailing the specific requirements for branched service lines and some other exceptions highlighted in the gold answer, such as the requirement about operating at 10 psig or greater. Additionally, it introduces exceptions applicable to multifamily and small commercial customers, which aren't part ",1.0,"The answer directly addresses the question by clearly stating that residential service lines require excess flow valves if they are new or replaced. It provides detailed regulatory references and exceptions, ensuring a full understanding of the requirements.",1.0,"The context clearly addresses the requirements for excess flow valves in residential service lines, detailing when they are necessary and outlining specific exceptions. This directly answers the question.",0.625,Supported 5/8 claims; unsupported: 3; not enough info: 1.,8,5,3,1,"The requirement for an EFV applies to a multifamily residence with a known customer load not exceeding 1,000 SCFH per service. | The requirement for an EFV applies to a small commercial customer with a known customer load not exceeding 1,000 SCFH per service. | Operators must notify customers about EFVs in accordance with 49 CFR 192.383(e).",no_proc_error
3,49 CFR Part 192,"Easy (Quick checks, usually 1 sentence questions)",What’s the maximum operating pressure allowed for plastic pipe?,"The maximum operating pressure for plastic pipe is **not a single fixed value**; it is determined by how the pipe is **designed and qualified under the code**, with clear upper limits depending on the application and material.

For **plastic pipe used in distribution systems**, the general rule is that the **design pressure may not exceed 100 psig**, unless the pipe meets specific criteria that allow a higher design pressure. This 100-psig limit is the default maximum most engineers should assume for plastic distribution mains and services.

There is a limited allowance for **polyethylene (PE) pipe** to be designed for pressures **up to 125 psig**, but only when all of the conditions in the regulation are met. These conditions include requirements related to the pipe’s **material designation, manufacturing date, nominal pipe size, wall thickness, temperature limits, and applicable design factor**. If any of those conditions are not met, the 100-psig limit applies.

Regardless of the allowable design pressure, the **actual maximum allowable operating pressure (MAOP)** must still be established in accordance with the design requirements for plastic pipe, and the pipeline may not be operated above that calculated MAOP.

**Citations:**
49 CFR Part 192, effective as of 12-10-2025, §192.121(b)(1), *Design of plastic pipe*, PDF p. 48

49 CFR Part 192, effective as of 12-10-2025, §192.121(c)(1)–(2), *Design of plastic pipe—Polyethylene (PE) pipe*, PDF p. 48","Plastic pipe may not be operated above the pressure limits in 49 CFR 192.121; the maximum allowable operating pressure is set by the pipe’s design basis and operating temperature, not a single universal psig cap. For thermoplastic pipe, the pressure must be determined from the HDB/HDS-based design formula in §192.121 using the applicable design factor and temperature derating; for reinforced thermosetting plastic pipe, §192.121 provides the corresponding pressure design basis.",0.8164108918537096,0.7,"The predicted answer accurately states that the maximum operating pressure for plastic pipe is not a fixed value and is determined by the design basis, which is correct. It mentions relevant sections of the regulation and the need for design factors and temperature derating. However, it omits specific figures like the default limit of 100 psig and the maximum pressure for polyethylene pipe (125 psig), which are crucial details from the gold answer. Thus, while it captures the essence, it lacks a",1.0,"The answer directly addresses the question by explaining that the maximum operating pressure for plastic pipe is not a fixed value and is determined by specific regulations (49 CFR 192.121), design basis, and operating temperature. It also specifies methods for determining the pressure for different types of plastic pipe, providing a comprehensive response.",1.0,"The context provides detailed information about the maximum operating pressure for plastic pipe, including specific values (100 psig and up to 125 psig for polyethylene) and the conditions under which these limits apply. It directly answers the question comprehensively.",0.5,Supported 3/6 claims; unsupported: 3; not enough info: 0.,6,3,3,0,"The maximum allowable operating pressure is determined by the pipe's design basis and operating temperature. | For thermoplastic pipe, pressure must be determined from the HDB/HDS-based design formula in 2.121. | For reinforced thermosetting plastic pipe, 2.121 provides the pressure design basis.",no_proc_error
4,49 CFR Part 192,"Easy (Quick checks, usually 1 sentence questions)",Is pressure testing required for all new distribution pipelines?”,"Yes — **new distribution pipelines must be pressure tested or leak tested before being placed into service**, but the **type and level of testing depends on the pipeline and how it will be operated**.

At a baseline, a **new segment of pipeline may not be operated** until it has been tested in accordance with **Subpart J** to substantiate the MAOP, and until **all potentially hazardous leaks have been found and eliminated**. This applies to new construction as well as pipeline segments that are relocated or replaced before being returned to service.

How that requirement is met varies:

* **Distribution pipelines intended to operate below 100 psig** are subject to leak testing requirements rather than full-strength pressure testing.
* **Service lines** have their own specific leak-testing requirements prior to being placed into service.
* **Plastic pipelines** must be tested in accordance with the plastic pipeline testing requirements, including a minimum test pressure tied to a percentage of the intended operating pressure (or a stated minimum pressure), with additional temperature-related limitations.

So while every new distribution pipeline must be tested in some form, the code does **not** require the same test method or pressure for all pipelines — it scales the reminder based on material type and operating pressure.

**Citations:**
49 CFR Part 192, effective as of 12-10-2025, §192.503(a)(1)–(2), *General requirements*, PDF p. 106

49 CFR Part 192, effective as of 12-10-2025, §192.509, *Test requirements for pipelines to operate below 100 psig*, PDF p. 109

49 CFR Part 192, effective as of 12-10-2025, §192.511, *Test requirements for service lines*, PDF p. 109

49 CFR Part 192, effective as of 12-10-2025, §192.513(a)–(c), *Test requirements for plastic pipelines*, PDF pp. 109–110","No. Under 49 CFR Part 192, a new distribution pipeline must be pressure tested under Subpart J before being placed in service, but the required test depends on the material and operating stress/pressure rather than applying identically to every line. Steel distribution lines are subject to §§ 192.505–192.507, while plastic distribution lines are tested under § 192.513; service lines have separate rules under § 192.511.",0.8190571922469564,0.7,"The predicted answer correctly identifies that new distribution pipelines must be pressure tested according to 49 CFR Part 192, referencing the different regulations that apply based on material type. However, it does not fully convey the requirement that the pipelines must not operate until all hazardous leaks are found and eliminated, nor does it mention the baseline standard for testing pipelines below 100 psig, which are only subject to leak testing. These omissions prevent it from being a '",1.0,"The answer directly addresses the question by explaining that pressure testing is required but varies based on the pipeline material and specific regulations, providing detailed references from the relevant code.",1.0,"The context provides a comprehensive explanation of the requirements for pressure testing new distribution pipelines, including specific types of testing based on pipeline characteristics and regulations, making it fully relevant to the question.",0.8,Supported 4/5 claims; unsupported: 1; not enough info: 0.,5,4,1,0,Steel distribution lines are subject to sections 192.505–192.507.,no_proc_error
5,49 CFR Part 192,"Medium (Single sentence, more nuance or scope)","For a distribution system operating above 60 psig, what kind of overpressure protection is required?","For a **distribution system operating above 60 psig**, the code requires **pressure regulation and overpressure protection that prevents customer delivery pressure from exceeding safe limits if pressure control fails**. Operating above 60 psig is only allowed when the downstream system is protected by **pressure limiting devices arranged in series** that meet specific regulatory criteria.

In practice, this means the system must be designed so that a **single failure of a regulator cannot result in unsafe overpressuring** of service lines or customer piping. Acceptable protection methods include combinations of service regulators, monitor regulators, relief devices, or automatic shutoff devices, provided they are configured and set in accordance with the regulation.

Specifically, when a distribution segment is designed to operate above 60 psig:

* The system **may not exceed 60 psig** unless the **service lines are equipped with service regulators or other pressure limiting devices in series** that comply with the overpressure protection requirements.
* Those pressure limiting devices must be capable of controlling or shutting off gas flow if downstream pressure rises above acceptable limits.
* The protection scheme must be designed so that **failure of any single component** will not allow pressure to exceed the maximum allowable operating pressure or create unsafe conditions at the customer.

From a design standpoint, this typically drives the use of **monitor regulator configurations or regulator-plus-shutoff arrangements** rather than relying on a single regulator or internal relief alone.

**Citations:**
49 CFR Part 192, effective as of 12-10-2025, §192.197(a)–(c), *Control of the pressure of gas delivered from high-pressure distribution systems*, PDF pp. 68–69

49 CFR Part 192, effective as of 12-10-2025, §192.621(a)(2), *Maximum allowable operating pressure: High-pressure distribution systems*, PDF p. 139","A distribution system operating above 60 psig must have overpressure protective devices that meet the requirements for distribution systems in 49 CFR 192.195. In general, the protection must prevent the pressure from exceeding the MAOP of the downstream system, and where a single device cannot provide the required reliability, monitor regulation, a series regulator arrangement, or other redundant overpressure protection may be required depending on the regulator station design and failure scenario.

Key condition: the rule is tied to the downstream distribution system pressure and the ability of the protective equipment to limit pressure safely; the specific configuration depends on whether failure of a regulator or relief device could expose the system to pressure above its MAOP.",0.8413242794005612,0.7,"The predicted answer correctly identifies the need for overpressure protective devices that adhere to 49 CFR 192.195 and emphasizes the importance of preventing pressure from exceeding the MAOP. However, it lacks specific details regarding the requirement for pressure limiting devices arranged in series, the need for configurations that prevent unsafe overpressuring from single failures, and specific mention of the types of acceptable devices (monitor regulators, relief devices, etc.) discussed.",1.0,The answer directly addresses the question regarding overpressure protection for distribution systems operating above 60 psig by referencing specific regulatory standards and describing the necessary protective measures effectively. It comprehensively covers key aspects needed for compliance.,1.0,"The context provides specific details about the requirements for overpressure protection in distribution systems operating above 60 psig, including necessary equipment and design specifications. It directly addresses the question, ensuring the response is comprehensive and accurate.",0.8333333333333334,Supported 5/6 claims; unsupported: 0; not enough info: 0.,6,5,0,0,,no_proc_error
